source_path,reason
13_PHASE_RECOVERY/CHANGELOG_v0_6.md,recovery_admin
13_PHASE_RECOVERY/Coverage_Audit_v0_6_Phase_4_5.md,recovery_admin
13_PHASE_RECOVERY/Master_Index_Supplement_v0_6.md,recovery_admin
13_PHASE_RECOVERY/Master_Index_Supplement_v0_7_corrected.md,recovery_admin
13_PHASE_RECOVERY/Phase_00_to_01/Phase_00_to_01_Summary.md,recovery_admin
13_PHASE_RECOVERY/Phase_01_to_02/Phase_01_to_02_Summary.md,recovery_admin
13_PHASE_RECOVERY/Phase_02_to_03/Phase_02_to_03_Summary.md,recovery_admin
13_PHASE_RECOVERY/Phase_03_to_04/Phase_03_to_04_Summary.md,recovery_admin
13_PHASE_RECOVERY/Phase_04_to_05/Phase_04_to_05_Summary.md,recovery_admin
13_PHASE_RECOVERY/Phase_05_to_06/Phase_05_to_06_Summary.md,recovery_admin
13_PHASE_RECOVERY/Phase_06_to_07x/Engineering/REC-0772_Master_Index_Generation.md,recovery_admin
13_PHASE_RECOVERY/Phase_06_to_07x/Phase_06_to_07x_Summary.md,recovery_admin
13_PHASE_RECOVERY/README.md,recovery_admin
